{"cameraMode":{"drawMode":0,"name":"Shaded","section":"Shading Mode"},"sceneLighting":true,"audioPlay":false,"sceneViewState":{"m_AlwaysRefresh":false,"showFog":true,"showSkybox":true,"showFlares":true,"showImageEffects":true,"showParticleSystems":true,"showVisualEffectGraphs":true,"m_FxEnabled":true},"in2DMode":false,"pivot":{"x":23.609983444213868,"y":10.711400985717774,"z":17.369970321655275},"rotation":{"x":-0.10291893035173416,"y":0.8401302099227905,"z":-0.17144180834293366,"w":-0.5042455792427063},"size":1.7514240741729737,"orthographic":false}